-- phpMyAdmin SQL Dump
-- version 4.6.5.2
-- https://www.phpmyadmin.net/
--
-- Host: 127.0.0.1
-- Generation Time: Jun 07, 2021 at 08:18 PM
-- Server version: 10.1.21-MariaDB
-- PHP Version: 5.6.30

SET SQL_MODE = "NO_AUTO_VALUE_ON_ZERO";
SET time_zone = "+00:00";


/*!40101 SET @OLD_CHARACTER_SET_CLIENT=@@CHARACTER_SET_CLIENT */;
/*!40101 SET @OLD_CHARACTER_SET_RESULTS=@@CHARACTER_SET_RESULTS */;
/*!40101 SET @OLD_COLLATION_CONNECTION=@@COLLATION_CONNECTION */;
/*!40101 SET NAMES utf8mb4 */;

--
-- Database: `movies`
--

-- --------------------------------------------------------

--
-- Table structure for table `tbl_casting`
--

CREATE TABLE `tbl_casting` (
  `id` int(11) NOT NULL,
  `name` varchar(255) NOT NULL
) ENGINE=InnoDB DEFAULT CHARSET=latin1;

--
-- Dumping data for table `tbl_casting`
--

INSERT INTO `tbl_casting` (`id`, `name`) VALUES
(1, 'Chadwick Boseman'),
(2, 'Michael B. Jordan'),
(3, 'Lupita Nyong\'o'),
(4, 'Eddie Redmayne'),
(5, 'Maisie Williams'),
(6, 'Sidharth Malhotra'),
(7, 'Naseeruddin Shah'),
(8, 'Billy Zane'),
(9, 'Taylor James'),
(10, 'Aleksey Rozin'),
(11, 'Matvey Novikov'),
(12, 'Jérémie Renier'),
(13, 'Jacqueline Bisset'),
(14, 'Kristin Scott Thomas'),
(15, 'Patricia Clarkson'),
(16, 'Matthew Shear'),
(17, 'Deirdre O\'Connell'),
(18, 'Shinelle Azoroh'),
(19, 'Annalise Basso'),
(20, 'Josh Hartnett'),
(21, 'Kaho Minami'),
(22, 'Jasmina Ali'),
(23, 'Rozita Assadollahy'),
(24, 'William Feng'),
(25, 'Zanilia Zhao'),
(26, 'Sayaka Maeda'),
(27, 'Takashi Fujii'),
(28, 'Reinhardt Wetrek'),
(29, 'Syuleyman Alilov Letifov'),
(30, 'Jamie Dornan'),
(31, 'Eric Johnson'),
(32, 'Fayssal Bazzi'),
(33, 'Domhnall Gleeson'),
(34, 'Anthony Sadler'),
(35, 'Spencer Stone'),
(36, 'Karen Gillan'),
(37, 'Kevin Hart'),
(38, 'Michelle Williams'),
(39, 'Zac Efron'),
(40, 'Ki Hong Lee'),
(41, 'Kaya Scodelario'),
(42, 'Sarah Snook'),
(43, 'Finn Scicluna-O\'Prey'),
(44, 'Tom Hanks'),
(45, 'Sarah Paulson'),
(46, 'Rosamund Pike'),
(47, 'Ava Cooper'),
(48, 'Octavia Spencer'),
(49, 'Michael Shannon'),
(50, 'Tom Hiddleston'),
(51, 'Scott Shepherd'),
(52, 'Sally Hawkins'),
(53, 'Helen Mirren'),
(54, 'Hugh Jackman'),
(55, 'James Corden'),
(56, 'Dylan O\\\'Brien'),
(57, 'Meryl Streep'),
(58, 'Dwayne Johnson'),
(59, 'Alek Skarlatos'),
(60, 'Anupam Kher'),
(61, 'Jackson Rathbone'),
(62, 'Maryana Spivak'),
(63, 'Marine Vacth'),
(64, 'Timothy Spall'),
(65, 'Zosia Mamet'),
(66, 'Hugo Armstrong'),
(67, 'Shinobu Terajima'),
(68, 'Farhad Abadinejad'),
(69, 'Aaron Kwok'),
(70, 'Kôji Imada'),
(71, 'Meinhard Neumann'),
(72, 'Dakota Johnson');

-- --------------------------------------------------------

--
-- Table structure for table `tbl_movies`
--

CREATE TABLE `tbl_movies` (
  `id` int(11) NOT NULL,
  `title` varchar(255) NOT NULL,
  `created_year` varchar(45) NOT NULL,
  `poster` varchar(255) NOT NULL,
  `content_rating` int(11) NOT NULL,
  `duration` varchar(45) NOT NULL,
  `release_date` date DEFAULT NULL,
  `average_rating` varchar(45) NOT NULL,
  `original_title` varchar(255) NOT NULL,
  `storyline` longtext NOT NULL,
  `imdb_rating` tinyint(10) NOT NULL,
  `posterurl` varchar(255) NOT NULL,
  `status` tinyint(2) NOT NULL DEFAULT '1',
  `is_deleted` tinyint(2) NOT NULL DEFAULT '0'
) ENGINE=InnoDB DEFAULT CHARSET=latin1;

--
-- Dumping data for table `tbl_movies`
--

INSERT INTO `tbl_movies` (`id`, `title`, `created_year`, `poster`, `content_rating`, `duration`, `release_date`, `average_rating`, `original_title`, `storyline`, `imdb_rating`, `posterurl`, `status`, `is_deleted`) VALUES
(1, 'Black Panther', '2018', 'MV5BMTg1MTY2MjYzNV5BMl5BanBnXkFtZTgwMTc4NTMwNDI@._V1_SY500_CR0,0,337,500_AL_.jpg', 15, 'PT134M', '2018-02-14', '0', '', 'After the events of Captain America: Civil War, King T\'Challa returns home to the reclusive, technologically advanced African nation of Wakanda to serve as his country\'s new leader. However, T\'Challa soon finds that he is challenged for the throne from factions within his own country. When two foes conspire to destroy Wakanda, the hero known as Black Panther must team up with C.I.A. agent Everett K. Ross and members of the Dora Milaje, Wakandan special forces, to prevent Wakanda from being dragged into a world war. Written by Editor', 7, 'https://images-na.ssl-images-amazon.com/images/M/MV5BMTg1MTY2MjYzNV5BMl5BanBnXkFtZTgwMTc4NTMwNDI@._V1_SY500_CR0,0,337,500_AL_.jpg', 1, 0),
(2, 'Grottmannen Dug', '2018', 'MV5BYWMxYWVjNzAtMTY0YS00YWQyLWExMGItMjUxODkwYzQyNzMwXkEyXkFqcGdeQXVyMjMxOTE0ODA@._V1_SY500_CR0,0,328,500_AL_.jpg', 0, 'PT89M', '2018-03-23', '0', 'Early Man', 'Set at the dawn of time, when prehistoric creatures and woolly mammoths roamed the earth, Early Man tells the story of Dug, along with sidekick Hognob as they unite his tribe against a mighty enemy Lord Nooth and his Bronze Age City to save their home.', 6, 'https://images-na.ssl-images-amazon.com/images/M/MV5BYWMxYWVjNzAtMTY0YS00YWQyLWExMGItMjUxODkwYzQyNzMwXkEyXkFqcGdeQXVyMjMxOTE0ODA@._V1_SY500_CR0,0,328,500_AL_.jpg', 1, 0),
(3, 'Aiyaary', '2018', 'MV5BMjI1NTk0NTc1OV5BMl5BanBnXkFtZTgwNTMwMTE4NDM@._V1_SY500_CR0,0,281,500_AL_.jpg', 0, 'PT157M', '2018-02-16', '0', '', 'Two officers with patriotic hearts suddenly have a fallout. The mentor, Colonel Abhay Singh has complete faith in the country\'s system while protégé Major Jai Bakshi thinks differently due to a recent stint in surveillance.', 0, 'https://images-na.ssl-images-amazon.com/images/M/MV5BMjI1NTk0NTc1OV5BMl5BanBnXkFtZTgwNTMwMTE4NDM@._V1_SY500_CR0,0,281,500_AL_.jpg', 1, 0),
(4, 'Samson', '2018', 'MV5BYThiMjg4ZDAtNjk5ZS00ZTUxLThmM2ItMGI0ZTE1NjRhNWNmXkEyXkFqcGdeQXVyNTQ3MjE4NTU@._V1_SY500_CR0,0,334,500_AL_.jpg', 0, '', '2018-02-16', '0', '', 'A Hebrew with an unusual gift of strength must respond properly to the call of God on his life in order to lead his people out of enslavement. After his youthful ambition leads to a tragic marriage, his acts of revenge thrust him into direct conflict with the Philistine army. As his brother mounts a tribal rebellion, only Samson\'s relationship with a Philistine seductress and his final surrender - both to the Philistines and to God - turns imprisonment and blindness into final victory. Written by Pure Flix', 5, 'https://images-na.ssl-images-amazon.com/images/M/MV5BYThiMjg4ZDAtNjk5ZS00ZTUxLThmM2ItMGI0ZTE1NjRhNWNmXkEyXkFqcGdeQXVyNTQ3MjE4NTU@._V1_SY500_CR0,0,334,500_AL_.jpg', 1, 0),
(5, 'Loveless', '2017', 'MV5BMzU3ODQ3MzQ5Nl5BMl5BanBnXkFtZTgwMDQwMDIzNDM@._V1_SY500_CR0,0,338,500_AL_.jpg', 0, 'PT127M', '2017-06-01', '0', 'Nelyubov', 'Still living under the same roof, the Moscow couple of Boris and Zhenya is in the terrible final stages of a bitter divorce. Under those circumstances, as both have already found new partners, the insults pour down like rain in this toxic familial battle zone, always pivoting around the irresolvable and urgent matter of Alyosha\'s custody, their 12-year-old only son. Unheard, unloved, and above all, unwanted, the introverted and unhappy boy feels that he is an intolerable burden, however, what his parents don\'t know is that he can hear every single word. As a result, when Boris and Zhenya finally realize that Alyosha has been missing for nearly two days, it is already too late. But is this a simple case of a runaway teenager? Written by Nick Riganas', 8, 'https://images-na.ssl-images-amazon.com/images/M/MV5BMzU3ODQ3MzQ5Nl5BMl5BanBnXkFtZTgwMDQwMDIzNDM@._V1_SY500_CR0,0,338,500_AL_.jpg', 1, 0),
(6, 'L\'amant double', '2017', 'MV5BMTg5NjUyMzAyOV5BMl5BanBnXkFtZTgwMTU4Njk2NDM@._V1_SY500_CR0,0,337,500_AL_.jpg', 0, 'PT107M', '2017-05-26', '0', '', 'Disenchanted with the ephemeral glamour of the modelling world, Chloé, a vulnerable Parisian woman of 25, is convinced that the severe and persistent abdominal pains she\'s been suffering, stem mainly from a psychosomatic disorder. As a result, the reserved beauty will soon find herself on the couch of the charming therapist, Dr Paul Meyer, nevertheless, the mutual and unfailing sexual attraction between them will make it impossible to continue with the therapy. Before long, the ecstatic, yet unexplored lovers will move in together, however, Paul\'s obscure past will inevitably lead Chloé to the conclusion that there\'s definitely more to him than meets the eye. Is the doe-eyed woman lured into a world of hallucinations and dream-like sequences? Written by Nick Riganas', 6, 'https://images-na.ssl-images-amazon.com/images/M/MV5BMTg5NjUyMzAyOV5BMl5BanBnXkFtZTgwMTU4Njk2NDM@._V1_SY500_CR0,0,337,500_AL_.jpg', 1, 0),
(7, 'The Party', '2017', 'MV5BMTYwMTU5MzY4NF5BMl5BanBnXkFtZTgwNTY2NTkxNDM@._V1_SY500_CR0,0,337,500_AL_.jpg', 11, 'PT71M', '2018-01-05', '0', '', 'To celebrate her long-awaited prestigious post as a Shadow Minister for Health and, hopefully, the stepping stone to party leadership, the newly-appointed British opposition politician, Janet, is throwing a party for friends at her London flat. Of course, in this select and intimate soirée, apart from Bill--Janet\'s self-denying academic husband--a motley crew of elite hand-picked guests have been invited: There\'s April, the sourly cynical American best friend; her unlikely German husband, Gottfried; there\'s also Jinny and Martha; and finally, Tom, the smooth banker in the impeccable suit. But inevitably, before dinner is served, the upbeat ambience will shatter to pieces, as festering secrets will start surfacing in this perfect domestic war-zone. Undoubtedly, after this night, things will never be the same again. Written by Nick Riganas', 7, 'https://images-na.ssl-images-amazon.com/images/M/MV5BMTYwMTU5MzY4NF5BMl5BanBnXkFtZTgwNTY2NTkxNDM@._V1_SY500_CR0,0,337,500_AL_.jpg', 1, 0),
(8, 'The Boy Downstairs', '2017', 'MV5BNjZiNzgzNjUtOWE0Ni00MWFmLTliZDEtNWRkMzc5ZTA2MWM1XkEyXkFqcGdeQXVyNDExMzMxNjE@._V1_SY500_CR0,0,337,500_AL_.jpg', 0, 'PT91M', '2018-02-16', '0', '', 'A young woman is forced to reflect on her first relationship when she inadvertently moves into her ex-boyfriend\'s apartment building.', 7, 'https://images-na.ssl-images-amazon.com/images/M/MV5BNjZiNzgzNjUtOWE0Ni00MWFmLTliZDEtNWRkMzc5ZTA2MWM1XkEyXkFqcGdeQXVyNDExMzMxNjE@._V1_SY500_CR0,0,337,500_AL_.jpg', 1, 0),
(9, 'Nostalgia', '2018', 'MV5BYTc0MjI4YTktY2NkYi00YzgwLWIxNDItYWIyNjAwMWNlMGUzXkEyXkFqcGdeQXVyNDY2MjcyOTQ@._V1_SY500_CR0,0,337,500_AL_.jpg', 0, 'PT114M', '2018-02-16', '0', '', 'A mosaic of stories about love and loss, \'Nostalgia\' explores our relationships to the objects, artifacts, and memories that shape our lives.', 7, 'https://images-na.ssl-images-amazon.com/images/M/MV5BYTc0MjI4YTktY2NkYi00YzgwLWIxNDItYWIyNjAwMWNlMGUzXkEyXkFqcGdeQXVyNDY2MjcyOTQ@._V1_SY500_CR0,0,337,500_AL_.jpg', 1, 0),
(10, 'Oh Lucy!', '2017', 'MV5BMTUzMjcwMDExOV5BMl5BanBnXkFtZTgwMjU4Njk2NDM@._V1_SY377_CR0,0,254,377_AL_.jpg', 0, 'PT95M', '2018-03-02', '0', '', 'The drama-comedy tells the story of Setsuko Kawashima (Terajima), a lonely, chain-smoking office lady in Tokyo who is past her prime. After deciding to take an English class, she discovers a new identity in her American alter ego, \'Lucy,\' and falls for her instructor, John (Hartnett). When John suddenly disappears, Setsuko earnestly sets out on a quest to find him, eventually leading her to the outskirts of Southern California. Written by Oh Lucy!', 7, 'https://images-na.ssl-images-amazon.com/images/M/MV5BMTUzMjcwMDExOV5BMl5BanBnXkFtZTgwMjU4Njk2NDM@._V1_SY377_CR0,0,254,377_AL_.jpg', 1, 0),
(11, 'Tehran Taboo', '2017', 'MV5BZDM0OTZlOWQtZGU0My00MmIxLTk0N2ItMjU3OGY0ODRlODYxXkEyXkFqcGdeQXVyNTQ0NjIwNDU@._V1_SY500_CR0,0,353,500_AL_.jpg', 0, 'PT90M', '2017-11-16', '0', '', 'In their desperate search for freedom and happiness, four young people from Tehran, Iran are forced to break the taboos of a restrictive, islamic society.', 7, 'https://images-na.ssl-images-amazon.com/images/M/MV5BZDM0OTZlOWQtZGU0My00MmIxLTk0N2ItMjU3OGY0ODRlODYxXkEyXkFqcGdeQXVyNTQ0NjIwNDU@._V1_SY500_CR0,0,353,500_AL_.jpg', 1, 0),
(12, 'Xiyouji zhi Nü\'erguo', '2018', 'MV5BMDM1MzZjNDUtNDBmMC00M2M5LTg0NDQtN2ExMjQ1Zjc0ZTE0XkEyXkFqcGdeQXVyNjMyMDA1ODM@._V1_SY500_CR0,0,357,500_AL_.jpg', 0, '', '2018-02-16', '0', '', '', 0, 'https://images-na.ssl-images-amazon.com/images/M/MV5BMDM1MzZjNDUtNDBmMC00M2M5LTg0NDQtN2ExMjQ1Zjc0ZTE0XkEyXkFqcGdeQXVyNjMyMDA1ODM@._V1_SY500_CR0,0,357,500_AL_.jpg', 1, 0),
(13, 'Mind Game', '2004', 'MV5BNzFlMDI1ZjctMzgzYy00YmVkLTlmMTMtNDZmZmVmMzk3MzNhXkEyXkFqcGdeQXVyMTA1OTEwNjE@._V1_SY500_CR0,0,381,500_AL_.jpg', 0, 'PT103M', '2004-07-28', '0', '', 'The film follows Nishi, a loser who has a crush on his childhood girlfriend. After an encounter with the Japanese mafia, the film follows Nishi as he journeys to heaven and back, and ends up trapped in an even more unlikely place. Nishi (and some friends) attempt to break out of their trap, and discover what it truly means to be alive along the way. This is a mind-bending trip that uses some of the most innovative animation ever created. Written by animenewsnetwork.com', 8, 'https://images-na.ssl-images-amazon.com/images/M/MV5BNzFlMDI1ZjctMzgzYy00YmVkLTlmMTMtNDZmZmVmMzk3MzNhXkEyXkFqcGdeQXVyMTA1OTEwNjE@._V1_SY500_CR0,0,381,500_AL_.jpg', 1, 0),
(14, 'Western', '2017', 'MV5BZDRkZGUxZmEtZDdiZC00NGJmLWFiODAtN2RiMzY3ODhjNTNmXkEyXkFqcGdeQXVyMTg5MDEyNw@@._V1_SY500_CR0,0,341,500_AL_.jpg', 15, 'PT119M', '2017-08-24', '0', '', 'A group of German construction workers start a tough job at a remote site in the Bulgarian countryside. The foreign land awakens the men\'s sense of adventure, but they are also confronted with their own prejudice and mistrust due to the language barrier and cultural differences. The stage is quickly set for a showdown when men begin to compete for recognition and favor from the local villagers.', 7, 'https://images-na.ssl-images-amazon.com/images/M/MV5BZDRkZGUxZmEtZDdiZC00NGJmLWFiODAtN2RiMzY3ODhjNTNmXkEyXkFqcGdeQXVyMTg5MDEyNw@@._V1_SY500_CR0,0,341,500_AL_.jpg', 1, 0),
(15, 'Fifty Shades Freed', '2018', 'MV5BMTYxOTQ1MzI0Nl5BMl5BanBnXkFtZTgwMzgwMzIxNDM@._V1_SY500_CR0,0,315,500_AL_.jpg', 15, 'PT105M', '2018-02-09', '0', '', 'Believing they have left behind shadowy figures from their past, newlyweds Christian and Ana fully embrace an inextricable connection and shared life of luxury. But just as she steps into her role as Mrs. Grey and he relaxes into an unfamiliar stability, new threats could jeopardize their happy ending before it even begins. Written by Official Synopsis', 4, 'https://images-na.ssl-images-amazon.com/images/M/MV5BMTYxOTQ1MzI0Nl5BMl5BanBnXkFtZTgwMzgwMzIxNDM@._V1_SY500_CR0,0,315,500_AL_.jpg', 1, 0),
(16, 'Pelle Kanin', '2018', 'MV5BMTk5NzI0ODUwN15BMl5BanBnXkFtZTgwOTIxNjA0NDM@._V1_SY500_CR0,0,337,500_AL_.jpg', 7, 'PT93M', '2018-02-21', '0', 'Peter Rabbit', 'Feature adaptation of Beatrix Potter\'s classic tale of a rebellious rabbit trying to sneak into a farmer\'s vegetable garden.', 6, 'https://images-na.ssl-images-amazon.com/images/M/MV5BMTk5NzI0ODUwN15BMl5BanBnXkFtZTgwOTIxNjA0NDM@._V1_SY500_CR0,0,337,500_AL_.jpg', 1, 0),
(17, 'The 15:17 to Paris', '2018', 'MV5BMTY0NjUzNjYwOV5BMl5BanBnXkFtZTgwMzY1MDM0NDM@._V1_SY500_CR0,0,337,500_AL_.jpg', 0, 'PT94M', '2018-04-20', '0', '', 'In the early evening of August 21, 2015, the world watched in stunned silence as the media reported a thwarted terrorist attack on Thalys train #9364 bound for Paris--an attempt prevented by three courageous young Americans traveling through Europe. The film follows the course of the friends\' lives, from the struggles of childhood through finding their footing in life, to the series of unlikely events leading up to the attack. Throughout the harrowing ordeal, their friendship never wavers, making it their greatest weapon and allowing them to save the lives of the more than 500 passengers on board.', 5, 'https://images-na.ssl-images-amazon.com/images/M/MV5BMTY0NjUzNjYwOV5BMl5BanBnXkFtZTgwMzY1MDM0NDM@._V1_SY500_CR0,0,337,500_AL_.jpg', 1, 0),
(18, 'Jumanji: Welcome to the Jungle', '2017', 'MV5BMTkyNDQ1MDc5OV5BMl5BanBnXkFtZTgwOTcyNzI2MzI@._V1_SY400_SX270_AL_.jpg', 11, 'PT119M', '2017-12-22', '0', '', 'In a brand new Jumanji adventure, four high school kids discover an old video game console and are drawn into the game\'s jungle setting, literally becoming the adult avatars they chose. What they discover is that you don\'t just play Jumanji - you must survive it. To beat the game and return to the real world, they\'ll have to go on the most dangerous adventure of their lives, discover what Alan Parrish left 20 years ago, and change the way they think about themselves - or they\'ll be stuck in the game forever, to be played by others without break. Written by Sony Pictures', 7, 'https://images-na.ssl-images-amazon.com/images/M/MV5BMTkyNDQ1MDc5OV5BMl5BanBnXkFtZTgwOTcyNzI2MzI@._V1_SY400_SX270_AL_.jpg', 1, 0),
(19, 'The Greatest Showman', '2017', 'MV5BYjQ0ZWJkYjMtYjJmYS00MjJiLTg3NTYtMmIzN2E2Y2YwZmUyXkEyXkFqcGdeQXVyNjk5NDA3OTk@._V1_SY500_CR0,0,337,500_AL_.jpg', 11, 'PT105M', '2017-12-25', '0', '', 'Orphaned, penniless but ambitious and with a mind crammed with imagination and fresh ideas, the American Phineas Taylor Barnum will always be remembered as the man with the gift to effortlessly blur the line between reality and fiction. Thirsty for innovation and hungry for success, the son of a tailor will manage to open a wax museum but will soon shift focus to the unique and peculiar, introducing extraordinary, never-seen-before live acts on the circus stage. Some will call Barnum\'s wide collection of oddities, a freak show; however, when the obsessed for cheers and respectability showman gambles everything on the opera singer Jenny Lind to appeal to a high-brow audience, he will somehow lose sight of the most important aspect of his life: his family. Will Barnum risk it all to be accepted? Written by Nick Riganas', 8, 'https://images-na.ssl-images-amazon.com/images/M/MV5BYjQ0ZWJkYjMtYjJmYS00MjJiLTg3NTYtMmIzN2E2Y2YwZmUyXkEyXkFqcGdeQXVyNjk5NDA3OTk@._V1_SY500_CR0,0,337,500_AL_.jpg', 1, 0),
(20, 'Maze Runner: The Death Cure', '2018', 'MV5BMTYyNzk3MDc2NF5BMl5BanBnXkFtZTgwMDk3OTM1NDM@._V1_SY500_CR0,0,337,500_AL_.jpg', 15, 'PT141M', '2018-01-26', '0', '', 'In the epic finale to The Maze Runner Saga, Thomas leads his group of escaped Gladers on their final and most dangerous mission yet. To save their friends, they must break into the legendary last city, a WCKD controlled labyrinth that may turn out to be the deadliest maze of all. Anyone who makes it out alive will get the answers to the questions the Gladers have been asking since they first arrived in the maze. Will Thomas and the crew make it out alive? Or will Ava Paige get her way?', 7, 'https://images-na.ssl-images-amazon.com/images/M/MV5BMTYyNzk3MDc2NF5BMl5BanBnXkFtZTgwMDk3OTM1NDM@._V1_SY500_CR0,0,337,500_AL_.jpg', 1, 0),
(21, 'Winchester - House of Ghosts', '2018', 'MV5BMjI2OWE5OGItMTE4Yi00ZmIzLThjZDctNTU1OTMxMTc3Yjg4XkEyXkFqcGdeQXVyMjM4NTM5NDY@._V1_SY500_CR0,0,315,500_AL_.jpg', 0, 'PT99M', '2018-02-02', '0', 'Winchester', 'Inspired by true events. On an isolated stretch of land 50 miles outside of San Francisco sits the most haunted house in the world. Built by Sarah Winchester, (Academy Award®-winner Helen Mirren) heiress to the Winchester fortune, it is a house that knows no end. Constructed in an incessant twenty-four hour a day, seven day a week mania for decades, it stands seven stories tall and contains hundreds of rooms. To the outsider it looks like a monstrous monument to a disturbed woman\'s madness. But Sarah is not building for herself, for her niece (Sarah Snook) or for the brilliant Doctor Eric Price (Jason Clarke) whom she has summoned to the house. She is building a prison, an asylum for hundreds of vengeful ghosts, and the most terrifying among them have a score to settle with the Winchesters.', 5, 'https://images-na.ssl-images-amazon.com/images/M/MV5BMjI2OWE5OGItMTE4Yi00ZmIzLThjZDctNTU1OTMxMTc3Yjg4XkEyXkFqcGdeQXVyMjM4NTM5NDY@._V1_SY500_CR0,0,315,500_AL_.jpg', 1, 0),
(22, 'The Post', '2017', 'MV5BMjQyMjEwOTIwNV5BMl5BanBnXkFtZTgwOTkzNTMxNDM@._V1_SY500_CR0,0,337,500_AL_.jpg', 11, 'PT116M', '2018-01-26', '0', '', 'When American military analyst, Daniel Ellsberg, realizes to his disgust the depths of the US government\'s deceptions about the futility of the Vietnam War, he takes action by copying top-secret documents that would become the Pentagon Papers. Later, Washington Post owner, Kay Graham, is still adjusting to taking over her late husband\'s business when editor Ben Bradlee discovers the New York Times has scooped them with an explosive expose on those papers. Determined to compete, Post reporters find Ellsberg himself and a complete copy of those papers. However, the Post\'s plans to publish their findings are put in jeopardy with a Federal restraining order that could get them all indicted for Contempt. Now, Kay Graham must decide whether to back down for the safety of her paper or publish and fight for the Freedom of the Press. In doing so, Graham and her staff join a fight that would have America\'s democratic ideals in the balance. Written by Kenneth Chisholm (kchishol@rogers.com)', 7, 'https://images-na.ssl-images-amazon.com/images/M/MV5BMjQyMjEwOTIwNV5BMl5BanBnXkFtZTgwOTkzNTMxNDM@._V1_SY500_CR0,0,337,500_AL_.jpg', 1, 0),
(23, 'Hostiles', '2017', 'MV5BNjFhZjM4ZDYtMGRjYi00Yzc2LWExYmEtMDQ3NzA4ODU4YTljXkEyXkFqcGdeQXVyNjkwMzU3NDI@._V1_SY500_CR0,0,337,500_AL_.jpg', 0, 'PT134M', '2018-04-06', '0', '', 'In 1892, a legendary Army captain reluctantly agrees to escort a Cheyenne chief and his family through dangerous territory.', 7, 'https://images-na.ssl-images-amazon.com/images/M/MV5BNjFhZjM4ZDYtMGRjYi00Yzc2LWExYmEtMDQ3NzA4ODU4YTljXkEyXkFqcGdeQXVyNjkwMzU3NDI@._V1_SY500_CR0,0,337,500_AL_.jpg', 1, 0),
(24, 'The Shape of Water', '2017', 'MV5BNGNiNWQ5M2MtNGI0OC00MDA2LWI5NzEtMmZiYjVjMDEyOWYzXkEyXkFqcGdeQXVyMjM4NTM5NDY@._V1_SY500_CR0,0,337,500_AL_.jpg', 15, 'PT123M', '2018-02-14', '0', '', 'From master storyteller Guillermo del Toro comes THE SHAPE OF WATER, an otherworldly fable set against the backdrop of Cold War era America circa 1962. In the hidden high-security government laboratory where she works, lonely Elisa (Sally Hawkins) is trapped in a life of isolation. Elisa\'s life is changed forever when she and co-worker Zelda (Octavia Spencer) discover a secret classified experiment. Rounding out the cast are Michael Shannon, Richard Jenkins, Michael Stuhlbarg, and Doug Jones. Written by Fox Searchlight Pictures', 8, 'https://images-na.ssl-images-amazon.com/images/M/MV5BNGNiNWQ5M2MtNGI0OC00MDA2LWI5NzEtMmZiYjVjMDEyOWYzXkEyXkFqcGdeQXVyMjM4NTM5NDY@._V1_SY500_CR0,0,337,500_AL_.jpg', 1, 0);

-- --------------------------------------------------------

--
-- Table structure for table `tbl_movies_genres`
--

CREATE TABLE `tbl_movies_genres` (
  `id` int(11) NOT NULL,
  `title` varchar(255) NOT NULL,
  `status` tinyint(2) NOT NULL DEFAULT '1',
  `is_deleted` tinyint(2) NOT NULL DEFAULT '0'
) ENGINE=InnoDB DEFAULT CHARSET=latin1;

--
-- Dumping data for table `tbl_movies_genres`
--

INSERT INTO `tbl_movies_genres` (`id`, `title`, `status`, `is_deleted`) VALUES
(1, 'Adventure', 1, 0),
(2, 'Crime', 1, 0),
(3, 'Fantasy', 1, 0),
(4, 'History', 1, 0),
(5, 'Romance', 1, 0),
(6, 'Sci-Fi', 1, 0),
(7, 'Action', 1, 0),
(8, 'Animation', 1, 0),
(9, 'Biography', 1, 0),
(10, 'Comedy', 1, 0),
(11, 'Drama', 1, 0);

-- --------------------------------------------------------

--
-- Table structure for table `tbl_movie_casting_details`
--

CREATE TABLE `tbl_movie_casting_details` (
  `id` int(11) NOT NULL,
  `fk_movie_id` int(11) NOT NULL DEFAULT '0',
  `fk_casting_id` int(11) NOT NULL DEFAULT '0'
) ENGINE=InnoDB DEFAULT CHARSET=latin1;

--
-- Dumping data for table `tbl_movie_casting_details`
--

INSERT INTO `tbl_movie_casting_details` (`id`, `fk_movie_id`, `fk_casting_id`) VALUES
(1, 1, 1),
(2, 1, 2),
(3, 1, 3),
(4, 2, 50),
(5, 2, 4),
(6, 2, 5),
(7, 3, 60),
(8, 3, 6),
(9, 3, 7),
(10, 4, 61),
(11, 4, 8),
(12, 4, 9),
(13, 5, 62),
(14, 5, 10),
(15, 5, 11),
(16, 6, 63),
(17, 6, 3),
(18, 6, 13),
(19, 7, 64),
(20, 7, 14),
(21, 7, 15),
(22, 8, 65),
(23, 8, 16),
(24, 8, 17),
(25, 9, 66),
(26, 9, 18),
(27, 9, 19),
(28, 10, 67),
(29, 10, 20),
(30, 10, 21),
(31, 11, 68),
(32, 11, 22),
(33, 11, 23),
(34, 12, 69),
(35, 12, 24),
(36, 12, 25),
(37, 13, 3),
(38, 13, 26),
(39, 13, 27),
(40, 14, 71),
(41, 14, 28),
(42, 14, 29),
(43, 15, 72),
(44, 15, 30),
(45, 15, 31),
(46, 16, 55),
(47, 16, 32),
(48, 16, 33),
(49, 17, 59),
(50, 17, 34),
(51, 17, 35),
(52, 18, 58),
(53, 18, 36),
(54, 18, 37),
(55, 19, 54),
(56, 19, 38),
(57, 19, 39),
(58, 20, 56),
(59, 20, 40),
(60, 20, 41),
(61, 21, 53),
(62, 21, 42),
(63, 21, 43),
(64, 22, 57),
(65, 22, 44),
(66, 22, 45),
(67, 23, 51),
(68, 23, 46),
(69, 23, 47),
(70, 24, 52),
(71, 24, 48),
(72, 24, 49);

-- --------------------------------------------------------

--
-- Table structure for table `tbl_movie_genres_details`
--

CREATE TABLE `tbl_movie_genres_details` (
  `id` int(11) NOT NULL,
  `fk_movie_id` int(11) NOT NULL DEFAULT '0',
  `fk_genres_id` int(11) NOT NULL DEFAULT '0'
) ENGINE=InnoDB DEFAULT CHARSET=latin1;

--
-- Dumping data for table `tbl_movie_genres_details`
--

INSERT INTO `tbl_movie_genres_details` (`id`, `fk_movie_id`, `fk_genres_id`) VALUES
(1, 1, 7),
(2, 1, 1),
(3, 1, 6),
(4, 2, 8),
(5, 2, 1),
(6, 2, 10),
(7, 3, 7),
(8, 3, 2),
(9, 3, 11),
(10, 4, 7),
(11, 4, 11),
(12, 5, 11),
(13, 6, 11),
(14, 6, 5),
(15, 6, 0),
(16, 7, 10),
(17, 7, 11),
(18, 8, 10),
(19, 8, 11),
(20, 8, 5),
(21, 9, 11),
(22, 10, 10),
(23, 10, 11),
(24, 11, 8),
(25, 11, 11),
(26, 12, 7),
(27, 12, 1),
(28, 12, 3),
(29, 13, 8),
(30, 13, 1),
(31, 13, 10),
(32, 14, 11),
(33, 15, 11),
(34, 15, 5),
(35, 15, 0),
(36, 16, 8),
(37, 16, 1),
(38, 16, 10),
(39, 17, 11),
(40, 17, 4),
(41, 17, 0),
(42, 18, 7),
(43, 18, 1),
(44, 18, 10),
(45, 19, 9),
(46, 19, 11),
(47, 19, 0),
(48, 20, 7),
(49, 20, 6),
(50, 20, 0),
(51, 21, 9),
(52, 21, 3),
(53, 21, 0),
(54, 22, 9),
(55, 22, 11),
(56, 22, 4),
(57, 23, 1),
(58, 23, 11),
(59, 23, 0),
(60, 24, 1),
(61, 24, 11),
(62, 24, 3);

-- --------------------------------------------------------

--
-- Table structure for table `tbl_ratings`
--

CREATE TABLE `tbl_ratings` (
  `id` int(11) NOT NULL,
  `ratings` tinyint(10) DEFAULT NULL,
  `fk_movie_id` int(11) DEFAULT NULL
) ENGINE=InnoDB DEFAULT CHARSET=latin1;

--
-- Dumping data for table `tbl_ratings`
--

INSERT INTO `tbl_ratings` (`id`, `ratings`, `fk_movie_id`) VALUES
(1, 4, 1),
(2, 1, 1),
(3, 9, 1),
(4, 6, 1),
(5, 2, 1),
(6, 10, 1),
(7, 6, 1),
(8, 5, 1),
(9, 1, 1),
(10, 7, 1),
(11, 4, 1),
(12, 5, 1),
(13, 6, 1),
(14, 5, 1),
(15, 6, 1),
(16, 3, 1),
(17, 10, 1),
(18, 10, 1),
(19, 8, 1),
(20, 2, 1),
(21, 5, 1),
(22, 3, 1),
(23, 4, 1),
(24, 6, 1),
(25, 6, 1),
(26, 7, 1),
(27, 9, 1),
(28, 4, 1),
(29, 4, 1),
(30, 9, 1),
(31, 7, 2),
(32, 9, 2),
(33, 6, 2),
(34, 1, 2),
(35, 3, 2),
(36, 8, 2),
(37, 3, 2),
(38, 8, 2),
(39, 7, 2),
(40, 6, 2),
(41, 10, 2),
(42, 3, 2),
(43, 6, 2),
(44, 8, 2),
(45, 3, 2),
(46, 5, 2),
(47, 6, 2),
(48, 6, 2),
(49, 8, 2),
(50, 2, 2),
(51, 7, 2),
(52, 9, 2),
(53, 1, 2),
(54, 1, 2),
(55, 10, 2),
(56, 2, 2),
(57, 3, 2),
(58, 6, 2),
(59, 3, 2),
(60, 5, 2),
(61, 1, 3),
(62, 2, 3),
(63, 8, 3),
(64, 10, 3),
(65, 3, 3),
(66, 8, 3),
(67, 8, 3),
(68, 6, 3),
(69, 1, 3),
(70, 8, 3),
(71, 4, 3),
(72, 1, 3),
(73, 9, 3),
(74, 5, 3),
(75, 7, 3),
(76, 8, 3),
(77, 9, 3),
(78, 8, 3),
(79, 10, 3),
(80, 10, 3),
(81, 8, 3),
(82, 3, 3),
(83, 1, 3),
(84, 2, 3),
(85, 5, 3),
(86, 7, 3),
(87, 9, 3),
(88, 9, 3),
(89, 10, 3),
(90, 7, 3),
(91, 9, 4),
(92, 6, 4),
(93, 5, 4),
(94, 7, 4),
(95, 5, 4),
(96, 8, 4),
(97, 9, 4),
(98, 7, 4),
(99, 1, 4),
(100, 1, 4),
(101, 9, 4),
(102, 2, 4),
(103, 9, 4),
(104, 7, 4),
(105, 8, 4),
(106, 7, 4),
(107, 5, 4),
(108, 3, 4),
(109, 3, 4),
(110, 1, 4),
(111, 2, 4),
(112, 10, 4),
(113, 10, 4),
(114, 2, 4),
(115, 1, 4),
(116, 9, 4),
(117, 6, 4),
(118, 8, 4),
(119, 6, 4),
(120, 8, 4),
(121, 7, 5),
(122, 5, 5),
(123, 7, 5),
(124, 6, 5),
(125, 10, 5),
(126, 8, 5),
(127, 8, 5),
(128, 7, 5),
(129, 3, 5),
(130, 7, 5),
(131, 3, 5),
(132, 4, 5),
(133, 5, 5),
(134, 10, 5),
(135, 8, 5),
(136, 10, 5),
(137, 1, 5),
(138, 7, 5),
(139, 2, 5),
(140, 10, 5),
(141, 10, 5),
(142, 3, 5),
(143, 5, 5),
(144, 2, 5),
(145, 9, 5),
(146, 7, 5),
(147, 7, 5),
(148, 3, 5),
(149, 5, 5),
(150, 1, 5),
(151, 5, 6),
(152, 8, 6),
(153, 9, 6),
(154, 8, 6),
(155, 10, 6),
(156, 2, 6),
(157, 7, 6),
(158, 2, 6),
(159, 9, 6),
(160, 8, 6),
(161, 5, 6),
(162, 1, 6),
(163, 9, 6),
(164, 5, 6),
(165, 9, 6),
(166, 5, 6),
(167, 7, 6),
(168, 10, 6),
(169, 5, 6),
(170, 8, 6),
(171, 2, 6),
(172, 3, 6),
(173, 5, 6),
(174, 4, 6),
(175, 6, 6),
(176, 9, 6),
(177, 3, 6),
(178, 7, 6),
(179, 1, 6),
(180, 4, 6),
(181, 1, 7),
(182, 4, 7),
(183, 3, 7),
(184, 3, 7),
(185, 1, 7),
(186, 4, 7),
(187, 6, 7),
(188, 5, 7),
(189, 8, 7),
(190, 3, 7),
(191, 8, 7),
(192, 5, 7),
(193, 9, 7),
(194, 9, 7),
(195, 8, 7),
(196, 6, 7),
(197, 9, 7),
(198, 2, 7),
(199, 2, 7),
(200, 10, 7),
(201, 8, 7),
(202, 2, 7),
(203, 8, 7),
(204, 9, 7),
(205, 3, 7),
(206, 6, 7),
(207, 10, 7),
(208, 8, 7),
(209, 9, 7),
(210, 9, 7),
(211, 6, 8),
(212, 5, 8),
(213, 8, 8),
(214, 5, 8),
(215, 8, 8),
(216, 3, 8),
(217, 2, 8),
(218, 4, 8),
(219, 4, 8),
(220, 1, 8),
(221, 8, 8),
(222, 5, 8),
(223, 5, 8),
(224, 1, 8),
(225, 9, 8),
(226, 8, 8),
(227, 1, 8),
(228, 1, 8),
(229, 9, 8),
(230, 10, 8),
(231, 9, 8),
(232, 8, 8),
(233, 4, 8),
(234, 10, 8),
(235, 3, 8),
(236, 6, 8),
(237, 2, 8),
(238, 8, 8),
(239, 9, 8),
(240, 8, 8),
(241, 5, 9),
(242, 1, 9),
(243, 10, 9),
(244, 9, 9),
(245, 6, 9),
(246, 9, 9),
(247, 6, 9),
(248, 6, 9),
(249, 4, 9),
(250, 3, 9),
(251, 6, 9),
(252, 6, 9),
(253, 7, 9),
(254, 5, 9),
(255, 3, 9),
(256, 5, 9),
(257, 4, 9),
(258, 6, 9),
(259, 4, 9),
(260, 7, 9),
(261, 7, 9),
(262, 1, 9),
(263, 10, 9),
(264, 9, 9),
(265, 7, 9),
(266, 3, 9),
(267, 4, 9),
(268, 4, 9),
(269, 3, 9),
(270, 10, 9),
(271, 10, 10),
(272, 4, 10),
(273, 7, 10),
(274, 10, 10),
(275, 8, 10),
(276, 4, 10),
(277, 6, 10),
(278, 10, 10),
(279, 2, 10),
(280, 10, 10),
(281, 9, 10),
(282, 8, 10),
(283, 8, 10),
(284, 3, 10),
(285, 3, 10),
(286, 6, 10),
(287, 6, 10),
(288, 3, 10),
(289, 5, 10),
(290, 4, 10),
(291, 5, 10),
(292, 4, 10),
(293, 5, 10),
(294, 2, 10),
(295, 2, 10),
(296, 8, 10),
(297, 5, 10),
(298, 10, 10),
(299, 2, 10),
(300, 9, 10),
(301, 3, 11),
(302, 6, 11),
(303, 1, 11),
(304, 4, 11),
(305, 9, 11),
(306, 10, 11),
(307, 7, 11),
(308, 5, 11),
(309, 2, 11),
(310, 8, 11),
(311, 9, 11),
(312, 7, 11),
(313, 5, 11),
(314, 10, 11),
(315, 9, 11),
(316, 1, 11),
(317, 10, 11),
(318, 4, 11),
(319, 6, 11),
(320, 7, 11),
(321, 3, 11),
(322, 10, 11),
(323, 3, 11),
(324, 6, 11),
(325, 3, 11),
(326, 10, 11),
(327, 6, 11),
(328, 4, 11),
(329, 1, 11),
(330, 10, 11),
(331, 10, 12),
(332, 6, 12),
(333, 1, 12),
(334, 4, 12),
(335, 8, 12),
(336, 2, 12),
(337, 2, 12),
(338, 4, 12),
(339, 10, 12),
(340, 10, 12),
(341, 6, 12),
(342, 5, 12),
(343, 5, 12),
(344, 7, 12),
(345, 2, 12),
(346, 3, 12),
(347, 1, 12),
(348, 3, 12),
(349, 2, 12),
(350, 10, 12),
(351, 2, 12),
(352, 3, 12),
(353, 2, 12),
(354, 10, 12),
(355, 9, 12),
(356, 9, 12),
(357, 8, 12),
(358, 9, 12),
(359, 6, 12),
(360, 4, 12),
(361, 8, 13),
(362, 6, 13),
(363, 5, 13),
(364, 7, 13),
(365, 10, 13),
(366, 7, 13),
(367, 9, 13),
(368, 5, 13),
(369, 9, 13),
(370, 3, 13),
(371, 6, 13),
(372, 10, 13),
(373, 7, 13),
(374, 4, 13),
(375, 2, 13),
(376, 4, 13),
(377, 7, 13),
(378, 7, 13),
(379, 5, 13),
(380, 8, 13),
(381, 9, 13),
(382, 3, 13),
(383, 9, 13),
(384, 7, 13),
(385, 9, 13),
(386, 4, 13),
(387, 8, 13),
(388, 5, 13),
(389, 2, 13),
(390, 8, 13),
(391, 3, 14),
(392, 6, 14),
(393, 4, 14),
(394, 2, 14),
(395, 10, 14),
(396, 5, 14),
(397, 1, 14),
(398, 9, 14),
(399, 7, 14),
(400, 9, 14),
(401, 10, 14),
(402, 6, 14),
(403, 3, 14),
(404, 2, 14),
(405, 10, 14),
(406, 5, 14),
(407, 10, 14),
(408, 7, 14),
(409, 1, 14),
(410, 5, 14),
(411, 6, 14),
(412, 10, 14),
(413, 9, 14),
(414, 9, 14),
(415, 10, 14),
(416, 4, 14),
(417, 8, 14),
(418, 8, 14),
(419, 3, 14),
(420, 9, 14),
(421, 6, 15),
(422, 9, 15),
(423, 7, 15),
(424, 7, 15),
(425, 1, 15),
(426, 4, 15),
(427, 9, 15),
(428, 9, 15),
(429, 1, 15),
(430, 7, 15),
(431, 6, 15),
(432, 8, 15),
(433, 10, 15),
(434, 4, 15),
(435, 6, 15),
(436, 1, 15),
(437, 10, 15),
(438, 2, 15),
(439, 1, 15),
(440, 6, 15),
(441, 10, 15),
(442, 7, 15),
(443, 1, 15),
(444, 10, 15),
(445, 7, 15),
(446, 5, 15),
(447, 1, 15),
(448, 5, 15),
(449, 9, 15),
(450, 8, 15),
(451, 10, 16),
(452, 10, 16),
(453, 5, 16),
(454, 3, 16),
(455, 1, 16),
(456, 8, 16),
(457, 1, 16),
(458, 6, 16),
(459, 7, 16),
(460, 9, 16),
(461, 5, 16),
(462, 3, 16),
(463, 10, 16),
(464, 2, 16),
(465, 1, 16),
(466, 3, 16),
(467, 5, 16),
(468, 9, 16),
(469, 6, 16),
(470, 2, 16),
(471, 1, 16),
(472, 9, 16),
(473, 8, 16),
(474, 5, 16),
(475, 9, 16),
(476, 10, 16),
(477, 1, 16),
(478, 6, 16),
(479, 1, 16),
(480, 10, 16),
(481, 2, 17),
(482, 6, 17),
(483, 7, 17),
(484, 10, 17),
(485, 10, 17),
(486, 4, 17),
(487, 1, 17),
(488, 2, 17),
(489, 1, 17),
(490, 6, 17),
(491, 1, 17),
(492, 10, 17),
(493, 9, 17),
(494, 3, 17),
(495, 7, 17),
(496, 8, 17),
(497, 3, 17),
(498, 3, 17),
(499, 7, 17),
(500, 5, 17),
(501, 4, 17),
(502, 8, 17),
(503, 1, 17),
(504, 3, 17),
(505, 1, 17),
(506, 9, 17),
(507, 9, 17),
(508, 3, 17),
(509, 4, 17),
(510, 1, 17),
(511, 5, 18),
(512, 10, 18),
(513, 7, 18),
(514, 4, 18),
(515, 7, 18),
(516, 10, 18),
(517, 5, 18),
(518, 2, 18),
(519, 9, 18),
(520, 8, 18),
(521, 8, 18),
(522, 6, 18),
(523, 10, 18),
(524, 1, 18),
(525, 5, 18),
(526, 9, 18),
(527, 3, 18),
(528, 1, 18),
(529, 6, 18),
(530, 8, 18),
(531, 5, 18),
(532, 3, 18),
(533, 2, 18),
(534, 3, 18),
(535, 6, 18),
(536, 7, 18),
(537, 10, 18),
(538, 8, 18),
(539, 9, 18),
(540, 4, 18),
(541, 3, 19),
(542, 8, 19),
(543, 4, 19),
(544, 3, 19),
(545, 4, 19),
(546, 6, 19),
(547, 10, 19),
(548, 5, 19),
(549, 7, 19),
(550, 4, 19),
(551, 9, 19),
(552, 4, 19),
(553, 9, 19),
(554, 2, 19),
(555, 1, 19),
(556, 8, 19),
(557, 9, 19),
(558, 6, 19),
(559, 2, 19),
(560, 3, 19),
(561, 10, 19),
(562, 2, 19),
(563, 8, 19),
(564, 8, 19),
(565, 1, 19),
(566, 5, 19),
(567, 6, 19),
(568, 8, 19),
(569, 1, 19),
(570, 3, 19),
(571, 4, 20),
(572, 6, 20),
(573, 8, 20),
(574, 10, 20),
(575, 7, 20),
(576, 6, 20),
(577, 5, 20),
(578, 3, 20),
(579, 6, 20),
(580, 4, 20),
(581, 2, 20),
(582, 8, 20),
(583, 3, 20),
(584, 5, 20),
(585, 5, 20),
(586, 2, 20),
(587, 7, 20),
(588, 4, 20),
(589, 3, 20),
(590, 1, 20),
(591, 10, 20),
(592, 8, 20),
(593, 2, 20),
(594, 9, 20),
(595, 4, 20),
(596, 5, 20),
(597, 3, 20),
(598, 2, 20),
(599, 8, 20),
(600, 3, 20),
(601, 7, 21),
(602, 7, 21),
(603, 1, 21),
(604, 7, 21),
(605, 8, 21),
(606, 6, 21),
(607, 2, 21),
(608, 7, 21),
(609, 9, 21),
(610, 4, 21),
(611, 6, 21),
(612, 6, 21),
(613, 3, 21),
(614, 4, 21),
(615, 7, 21),
(616, 6, 21),
(617, 9, 21),
(618, 5, 21),
(619, 6, 21),
(620, 6, 21),
(621, 4, 21),
(622, 2, 21),
(623, 2, 21),
(624, 4, 21),
(625, 9, 21),
(626, 6, 21),
(627, 8, 21),
(628, 3, 21),
(629, 5, 21),
(630, 10, 21),
(631, 10, 22),
(632, 6, 22),
(633, 2, 22),
(634, 8, 22),
(635, 2, 22),
(636, 5, 22),
(637, 7, 22),
(638, 3, 22),
(639, 2, 22),
(640, 7, 22),
(641, 4, 22),
(642, 8, 22),
(643, 8, 22),
(644, 1, 22),
(645, 1, 22),
(646, 2, 22),
(647, 3, 22),
(648, 1, 22),
(649, 8, 22),
(650, 2, 22),
(651, 2, 22),
(652, 4, 22),
(653, 7, 22),
(654, 8, 22),
(655, 7, 22),
(656, 1, 22),
(657, 10, 22),
(658, 9, 22),
(659, 4, 22),
(660, 8, 22),
(661, 8, 23),
(662, 8, 23),
(663, 3, 23),
(664, 3, 23),
(665, 8, 23),
(666, 10, 23),
(667, 2, 23),
(668, 9, 23),
(669, 7, 23),
(670, 5, 23),
(671, 4, 23),
(672, 8, 23),
(673, 6, 23),
(674, 5, 23),
(675, 10, 23),
(676, 4, 23),
(677, 5, 23),
(678, 8, 23),
(679, 4, 23),
(680, 2, 23),
(681, 1, 23),
(682, 2, 23),
(683, 10, 23),
(684, 4, 23),
(685, 5, 23),
(686, 4, 23),
(687, 1, 23),
(688, 3, 23),
(689, 4, 23),
(690, 1, 23),
(691, 2, 24),
(692, 9, 24),
(693, 7, 24),
(694, 4, 24),
(695, 8, 24),
(696, 5, 24),
(697, 9, 24),
(698, 8, 24),
(699, 6, 24),
(700, 4, 24),
(701, 5, 24),
(702, 10, 24),
(703, 6, 24),
(704, 6, 24),
(705, 10, 24),
(706, 3, 24),
(707, 5, 24),
(708, 4, 24),
(709, 2, 24),
(710, 4, 24),
(711, 8, 24),
(712, 5, 24),
(713, 10, 24),
(714, 10, 24),
(715, 5, 24),
(716, 5, 24),
(717, 7, 24),
(718, 2, 24),
(719, 6, 24),
(720, 3, 24);

--
-- Indexes for dumped tables
--

--
-- Indexes for table `tbl_casting`
--
ALTER TABLE `tbl_casting`
  ADD PRIMARY KEY (`id`);

--
-- Indexes for table `tbl_movies`
--
ALTER TABLE `tbl_movies`
  ADD PRIMARY KEY (`id`);

--
-- Indexes for table `tbl_movies_genres`
--
ALTER TABLE `tbl_movies_genres`
  ADD PRIMARY KEY (`id`);

--
-- Indexes for table `tbl_movie_casting_details`
--
ALTER TABLE `tbl_movie_casting_details`
  ADD PRIMARY KEY (`id`);

--
-- Indexes for table `tbl_movie_genres_details`
--
ALTER TABLE `tbl_movie_genres_details`
  ADD PRIMARY KEY (`id`);

--
-- Indexes for table `tbl_ratings`
--
ALTER TABLE `tbl_ratings`
  ADD PRIMARY KEY (`id`);

--
-- AUTO_INCREMENT for dumped tables
--

--
-- AUTO_INCREMENT for table `tbl_casting`
--
ALTER TABLE `tbl_casting`
  MODIFY `id` int(11) NOT NULL AUTO_INCREMENT, AUTO_INCREMENT=73;
--
-- AUTO_INCREMENT for table `tbl_movies`
--
ALTER TABLE `tbl_movies`
  MODIFY `id` int(11) NOT NULL AUTO_INCREMENT, AUTO_INCREMENT=25;
--
-- AUTO_INCREMENT for table `tbl_movies_genres`
--
ALTER TABLE `tbl_movies_genres`
  MODIFY `id` int(11) NOT NULL AUTO_INCREMENT, AUTO_INCREMENT=12;
--
-- AUTO_INCREMENT for table `tbl_movie_casting_details`
--
ALTER TABLE `tbl_movie_casting_details`
  MODIFY `id` int(11) NOT NULL AUTO_INCREMENT, AUTO_INCREMENT=73;
--
-- AUTO_INCREMENT for table `tbl_movie_genres_details`
--
ALTER TABLE `tbl_movie_genres_details`
  MODIFY `id` int(11) NOT NULL AUTO_INCREMENT, AUTO_INCREMENT=63;
--
-- AUTO_INCREMENT for table `tbl_ratings`
--
ALTER TABLE `tbl_ratings`
  MODIFY `id` int(11) NOT NULL AUTO_INCREMENT, AUTO_INCREMENT=721;
/*!40101 SET CHARACTER_SET_CLIENT=@OLD_CHARACTER_SET_CLIENT */;
/*!40101 SET CHARACTER_SET_RESULTS=@OLD_CHARACTER_SET_RESULTS */;
/*!40101 SET COLLATION_CONNECTION=@OLD_COLLATION_CONNECTION */;
